{"score": 0.12920509278774261, "epoch_time": 201.47053122520447, "_timestamp": 1662867423, "_runtime": 10206, "_step": 50, "_wandb": {"runtime": 10206}}