{"score": 0.32550644874572754, "epoch_time": 7808.795692682266, "_timestamp": 1662486631, "_runtime": 8030, "_step": 1}