{"score": 0.1358584612607956, "epoch_time": 196.70384979248047, "_timestamp": 1662768206, "_runtime": 9960, "_step": 50, "_wandb": {"runtime": 9960}}