{"score": 0.13776443898677826, "epoch_time": 193.42435264587402, "_timestamp": 1661799945, "_runtime": 9792, "_step": 50, "_wandb": {"runtime": 9792}}