{"score": 0.128122016787529, "epoch_time": 202.30602264404297, "_timestamp": 1662857105, "_runtime": 10174, "_step": 50, "_wandb": {"runtime": 10175}}