{"score": 0.1279786080121994, "epoch_time": 216.99090552330017, "_timestamp": 1661890604, "_runtime": 10749, "_step": 50, "_wandb": {"runtime": 10751}}