{"score": 0.13925184309482574, "epoch_time": 269.4148519039154, "_timestamp": 1662006754, "_runtime": 12609, "_step": 50, "_wandb": {"runtime": 12610}}