{"score": 0.13511890172958374, "epoch_time": 112.8545286655426, "_timestamp": 1662969301, "_runtime": 6874, "_step": 60, "_wandb": {"runtime": 6873}}