{"score": 0.32327964901924133, "epoch_time": 2281.5570781230927, "_timestamp": 1661823649, "_runtime": 10660, "_step": 4}