{"score": 0.13774873316287994, "epoch_time": 1594.763174533844, "_timestamp": 1661899683, "_runtime": 19865, "_step": 16}